{"stat.useItem.66":1,"stat.walkOneCm":534342,"stat.useItem.355":1,"stat.mineBlock.175":1,"stat.mineBlock.13":25,"stat.mineBlock.18":10,"tconstruct.beginner":16,"stat.mineBlock.17":21,"stat.swimOneCm":13361,"stat.jump":1446,"stat.fallOneCm":43134,"tconstruct.pattern":3,"stat.climbOneCm":224,"achievement.buildWorkBench":7,"stat.craftItem.171":3,"achievement.mineWood":28,"stat.mineBlock.106":2,"achievement.exploreAllBiomes":{"value":0,"progress":["Birch Forest Hills","ForestHills","Magical Forest","Roofed Forest","Birch Forest","Plains","TaigaHills","Beach","Stone Beach","Eerie","Extreme Hills+","River","Forest","Ocean","Taiga","Extreme Hills"]},"stat.useItem.171":3,"stat.mineBlock.54":1,"stat.useItem.38":1,"achievement.openInventory":39,"stat.craftItem.5":92,"stat.killEntity.Chicken":1,"stat.craftItem.280":16,"stat.mineBlock.162":7,"stat.damageTaken":7176,"stat.killEntity.Spider":1,"stat.mineBlock.5":7,"stat.mineBlock.3":23,"achievement.botania:flowerPickup":2,"stat.mobKills":16,"stat.flyOneCm":163633,"stat.craftItem.58":7,"stat.useItem.6":1,"stat.deaths":10,"stat.drop":40,"achievement.buildPickaxe":2,"stat.craftItem.355":1,"stat.playOneMinute":107427,"stat.killEntity.Sheep":5,"stat.useItem.5":9,"stat.craftItem.270":2,"stat.useItem.3":23,"stat.craftItem.271":1,"stat.damageDealt":1870,"stat.killEntity.Cow":6,"stat.killEntity.Pig":1,"stat.useItem.13":25,"stat.mineBlock.31":7,"stat.useItem.58":5,"stat.diveOneCm":14659}