{"stat.walkOneCm":42465,"stat.playerKills":3,"stat.leaveGame":17,"stat.useItem.77":3,"tconstruct.beginner":1,"stat.jump":68,"stat.useItem.323":2,"achievement.exploreAllBiomes":{"value":0,"progress":["Eerie","Roofed Forest","Tainted Land","Forest","River","Taiga","Extreme Hills"]},"stat.killEntity.Skeleton":1,"stat.useItem.137":6,"achievement.openInventory":26,"stat.killEntity.Chicken":1,"stat.damageTaken":2147483635,"stat.mobKills":16,"stat.useItem.10":1,"stat.useItem.383":1,"stat.flyOneCm":340187,"stat.deaths":13,"stat.drop":13,"stat.playOneMinute":259985,"stat.killEntity.Sheep":1,"stat.useItem.3":1,"stat.damageDealt":90,"stat.killEntity.Zombie":2,"stat.killEntity.Cow":2,"stat.diveOneCm":2030}