{"stat.craftItem.61":2,"stat.leaveGame":2,"stat.craftItem.65":9,"stat.mineBlock.14":91,"stat.mineBlock.13":218,"stat.mineBlock.16":594,"stat.mineBlock.15":456,"stat.mineBlock.18":39,"stat.craftItem.331":63,"stat.mineBlock.17":127,"stat.swimOneCm":86077,"flammpfeil.slashblade:achievement.slashWoodenSword":1,"tconstruct.pattern":5,"stat.climbOneCm":20956,"achievement.buildWorkBench":3,"achievement.ae2.ChargedQuartz":4,"achievement.exploreAllBiomes":{"value":0,"progress":["ForestHills","Magical Forest","Roofed Forest","Birch Forest","Tainted Land","Plains","TaigaHills","Beach","Stone Beach","Eerie","Extreme Hills+","River","Forest","Taiga","Extreme Hills","Swampland","Hell"]},"stat.mineBlock.12":194,"tconstruct.smelteryMaker":105,"stat.craftItem.364":55,"stat.mineBlock.4":28,"stat.mineBlock.5":2,"stat.mineBlock.3":149,"achievement.botania:flowerPickup":2,"stat.mineBlock.1":15534,"stat.killEntity.Enderman":3,"stat.flyOneCm":893731,"stat.craftItem.96":2,"stat.mineBlock.129":7,"stat.craftItem.20":6,"stat.craftItem.22":35,"stat.mineBlock.175":10,"stat.killEntity.Creeper":2,"tconstruct.beginner":93,"stat.entityKilledBy.Skeleton":1,"achievement.buildSword":2,"achievement.mineWood":135,"stat.useItem.87":1,"stat.breakItem.272":1,"stat.useItem.85":19,"achievement.openInventory":787,"stat.mineBlock.161":5,"stat.mineBlock.162":20,"stat.craftItem.44":24,"stat.mineBlock.153":15,"stat.craftItem.314":2,"stat.entityKilledBy.Creeper":3,"achievement.killEnemy":108,"stat.craftItem.58":3,"stat.deaths":43,"stat.drop":362,"stat.useItem.96":1,"stat.playOneMinute":1015777,"stat.craftItem.50":112,"stat.killEntity.Sheep":17,"stat.craftItem.54":2,"stat.killEntity.Zombie":34,"stat.diveOneCm":57223,"stat.useItem.65":9,"stat.useItem.61":4,"stat.killEntity.Slime":8,"stat.killEntity.Ghast":1,"stat.mineBlock.82":21,"stat.mineBlock.85":19,"stat.mineBlock.87":3271,"stat.mineBlock.89":1,"stat.useItem.77":1,"stat.jump":6506,"stat.fallOneCm":369136,"achievement.killCow":14,"stat.craftItem.1":3,"tconstruct.proTinkerer":26,"stat.useItem.44":26,"stat.useItem.41":1,"stat.craftItem.5":484,"stat.damageTaken":74140,"stat.mineBlock.61":2,"stat.mineBlock.65":4,"stat.useItem.48":9,"stat.useItem.49":9,"stat.killEntity.CaveSpider":1,"stat.mineBlock.79":1,"stat.useItem.54":1,"stat.useItem.50":125,"tconstruct.tinkerer":157,"stat.damageDealt":12143,"stat.killEntity.Cow":26,"stat.killEntity.Pig":1,"stat.mineBlock.73":520,"stat.useItem.58":3,"stat.mineBlock.78":15,"stat.mineBlock.77":1,"stat.mineBlock.49":24,"stat.mineBlock.48":114,"stat.walkOneCm":3845238,"stat.craftItem.265":90,"stat.craftItem.266":18,"stat.craftItem.268":1,"stat.craftItem.259":1,"stat.mineBlock.41":1,"stat.mineBlock.44":2,"stat.craftItem.371":7,"stat.mineBlock.58":2,"stat.breakItem.314":1,"stat.mineBlock.50":15,"stat.craftItem.126":6,"stat.mineBlock.106":1,"stat.mineBlock.54":2,"stat.mineBlock.56":31,"stat.killEntity.Skeleton":24,"stat.useItem.259":1,"stat.killEntity.Chicken":4,"stat.craftItem.280":148,"stat.killEntity.Spider":17,"stat.mobKills":180,"stat.mineBlock.21":64,"stat.craftItem.272":1,"stat.craftItem.152":92,"stat.useItem.6":2,"stat.mineBlock.38":2,"stat.useItem.12":2,"stat.useItem.268":25,"stat.useItem.1":3,"stat.useItem.4":311,"stat.useItem.5":136,"stat.useItem.3":78,"stat.mineBlock.30":1,"stat.useItem.13":29,"stat.mineBlock.31":68,"draconicevolution.dust":1,"stat.useItem.15":1,"stat.useItem.272":142}