{"stat.craftItem.69":1,"stat.useItem.355":1,"stat.useItem.359":409,"stat.craftItem.61":2,"stat.leaveGame":19,"stat.mineBlock.14":10,"stat.mineBlock.13":32,"stat.mineBlock.16":160,"stat.mineBlock.15":75,"stat.mineBlock.18":24,"stat.mineBlock.17":127,"stat.swimOneCm":14803,"tconstruct.pattern":4,"stat.climbOneCm":8892,"achievement.buildWorkBench":1,"stat.craftItem.325":2,"achievement.exploreAllBiomes":{"value":0,"progress":["Roofed Forest","Birch Forest","Tainted Land","Plains","TaigaHills","Eerie","Extreme Hills+","River","Forest","Taiga","Extreme Hills","Swampland","Hell"]},"stat.mineBlock.12":8,"stat.craftItem.85":23,"stat.useItem.338":29,"stat.useItem.SlashBlade":107,"stat.mineBlock.4":12,"stat.mineBlock.5":1,"stat.mineBlock.3":42,"achievement.botania:flowerPickup":76,"stat.mineBlock.1":690,"stat.craftItem.359":3,"stat.flyOneCm":625730,"stat.craftItem.351":6,"achievement.buildPickaxe":1,"stat.killEntity.Villager":6,"stat.mineBlock.129":2,"ic2.acquireResin":15,"stat.mineBlock.175":3,"tconstruct.beginner":13,"stat.useItem.323":2,"achievement.mineWood":121,"stat.useItem.85":24,"stat.craftItem.323":3,"achievement.openInventory":574,"stat.mineBlock.154":6,"achievement.buildFurnace":2,"stat.craftItem.58":1,"stat.deaths":45,"stat.drop":55,"stat.playOneMinute":857337,"stat.craftItem.50":76,"stat.killEntity.Sheep":1,"stat.craftItem.54":5,"stat.killEntity.Zombie":2,"stat.diveOneCm":13908,"stat.killEntity.Slime":4,"stat.mineBlock.82":28,"stat.mineBlock.85":5,"stat.useItem.69":1,"stat.useItem.76":2,"stat.jump":3533,"stat.fallOneCm":100474,"stat.breakItem.359":1,"stat.craftItem.1":41,"stat.useItem.42":1,"stat.useItem.295":2,"stat.craftItem.5":190,"stat.damageTaken":-2147448505,"stat.useItem.54":2,"stat.mineBlock.79":5,"stat.useItem.50":64,"tconstruct.tinkerer":5,"stat.entityKilledBy.Zombie":2,"stat.damageDealt":6200,"stat.killEntity.Cow":2,"stat.killEntity.Pig":2,"stat.mineBlock.73":51,"stat.useItem.58":1,"stat.useItem.154":7,"stat.walkOneCm":1570419,"stat.craftItem.265":271,"stat.craftItem.266":18,"stat.playerKills":1,"stat.mineBlock.42":1,"stat.mineBlock.50":22,"stat.mineBlock.56":22,"stat.killEntity.Skeleton":1,"stat.useItem.258":10,"stat.craftItem.280":118,"stat.killEntity.Spider":1,"stat.mobKills":32,"stat.mineBlock.21":8,"stat.useItem.383":178,"stat.mineBlock.38":1,"stat.craftItem.154":1,"stat.useItem.4":84,"stat.useItem.5":4,"stat.craftItem.270":1,"stat.useItem.3":28,"stat.useItem.17":1,"stat.useItem.13":4,"stat.mineBlock.31":30}